median_tot_hhd_inc_weekly, median_age_persons, median_mortgage_repay_monthly, lga_code_2021, median_rent_weekly, average_num_psns_per_bedroom, median_tot_fam_inc_weekly, average_household_size, median_tot_prsnl_inc_weekly
1430,39,1473,"10050",270,0.7,1909,2.3,779
1429,48,1950,"10250",420,0.8,1848,2.4,737
1370,43,1083,"10300",200,0.8,1781,2.5,734
1585,38,1733,"10470",320,0.7,2026,2.5,796
1200,52,1516,"10550",310,0.8,1501,2.2,645
1197,50,1517,"10600",340,0.8,1479,2.3,613
1128,52,1207,"10650",210,0.7,1460,2.2,618
2107,34,2383,"10750",400,0.9,2251,3.1,831
1326,43,1083,"10800",200,0.7,1811,2.3,730
1547,43,1517,"10850",270,0.8,1974,2.5,765
1756,45,2035,"10900",400,0.7,2235,2.4,817
1444,41,1083,"10950",200,0.8,1931,2.4,774
1559,37,912,"11150",180,0.8,1899,2.5,862
962,36,754,"11200",150,0.8,1232,2.3,553
1173,44,867,"11250",220,0.7,1623,2.2,647
1980,39,2200,"13800",400,0.8,2272,2.8,860
1236,48,894,"13850",175,0.7,1622,2.2,700
1175,45,1213,"13910",250,0.7,1552,2.4,657
2417,41,2600,"14000",495,0.9,2825,2.8,958
2998,46,4000,"14100",540,0.8,4116,2.6,1210
2340,38,3000,"14170",500,1.0,3155,2.3,1207
1398,41,1257,"14300",260,0.7,1796,2.4,742
1085,48,1301,"14350",300,0.8,1347,2.4,550
1834,48,2194,"14400",485,0.7,2202,2.5,827
3038,42,3500,"14500",630,0.8,3447,2.9,1117
983,52,1224,"14550",250,0.8,1311,2.2,520
1218,41,878,"14600",180,0.7,1576,2.4,644
1623,42,1950,"14650",375,0.8,2050,2.5,759
2801,37,2980,"14700",540,1.0,3619,2.4,1424
1417,38,1300,"14750",250,0.8,1815,2.5,745
1319,44,1517,"14850",310,0.8,1719,2.4,685
1196,46,1500,"14870",270,0.7,1658,2.3,632
1819,34,2200,"14900",400,0.9,2001,3.2,694
1165,47,1133,"14920",230,0.7,1479,2.3,620
1295,46,1192,"14950",200,0.7,1636,2.5,639
1766,36,1829,"15050",370,0.8,2088,2.7,802
1060,54,1500,"15240",315,0.7,1341,2.2,564
1486,42,1733,"15270",330,0.8,1966,2.4,703
1524,38,1300,"15300",210,0.8,1919,2.5,816
2892,45,3870,"15350",590,0.9,4502,2.3,1487
1260,49,1408,"15520",260,0.7,1593,2.4,653
1401,45,869,"15560",190,0.7,1790,2.3,782
1628,37,1517,"15650",300,0.7,2019,2.5,769
976,52,1368,"15700",300,0.8,1309,2.2,525
1498,40,1343,"15750",250,0.8,1944,2.4,778
1184,44,1000,"15800",200,0.7,1524,2.3,651
1308,41,1200,"15850",240,0.7,1721,2.5,717
1760,37,1987,"15900",400,0.8,2264,2.4,852
2524,38,3000,"15950",580,1.0,3743,2.0,1593
2592,41,3124,"15990",625,0.9,3131,2.7,1109
1867,34,2500,"11300",500,1.1,2101,2.7,739
1602,43,2167,"11350",520,0.9,1926,2.5,764
1538,44,1625,"11400",250,0.8,1984,2.6,768
2353,33,2500,"11450",500,0.8,2487,3.1,984
1700,35,2100,"11500",380,0.9,1927,2.9,738
2371,39,3000,"11520",560,1.0,2870,2.5,1107
1556,36,2167,"11570",400,1.0,1786,2.9,625
1516,37,867,"11600",200,0.8,1814,2.5,837
1507,43,2000,"11650",400,0.8,1954,2.5,727
988,42,650,"11700",153,0.8,1128,2.3,524
1493,37,1647,"11720",340,0.8,1818,2.6,696
1123,49,1378,"11730",310,0.8,1398,2.3,578
1740,37,1096,"11750",200,0.7,2260,2.3,900
1363,44,1733,"11800",375,0.8,1685,2.4,688
1310,44,1300,"12000",210,0.8,1691,2.5,693
1231,39,867,"12150",190,0.8,1533,2.4,661
1112,47,1200,"12350",230,0.7,1447,2.3,606
1678,34,2167,"12380",415,1.1,1808,3.0,654
1485,46,1820,"12700",300,0.8,1856,2.5,710
1240,46,1083,"12730",220,0.7,1709,2.2,701
1167,54,1517,"12750",325,0.7,1436,2.2,618
1390,39,2000,"12850",390,1.0,1482,3.2,485
1187,51,1300,"12870",250,0.7,1592,2.2,646
1259,42,1283,"12900",230,0.7,1691,2.4,718
1991,38,2474,"12930",450,1.0,2209,2.8,792
1149,46,1083,"12950",200,0.7,1384,2.3,632
934,50,1083,"13010",220,0.7,1324,2.1,528
1466,41,1733,"13310",320,0.7,1939,2.4,749
1420,44,1300,"13340",220,0.8,1833,2.5,723
1738,37,1473,"13450",290,0.8,2006,2.7,837
1557,37,1476,"13550",300,0.7,2001,2.5,780
1029,50,997,"13660",200,0.7,1308,2.3,541
1867,39,2000,"24410",385,0.8,2306,2.6,851
1441,47,1560,"16100",280,0.7,1869,2.3,759
1665,37,1700,"16150",330,0.7,2133,2.5,842
1336,41,1300,"16200",250,0.7,1790,2.4,700
2051,35,2383,"16260",450,1.0,2298,2.6,908
1903,35,2167,"16350",400,0.8,2188,2.8,866
1263,49,1733,"16380",375,0.7,1576,2.3,647
1372,47,1733,"16400",370,0.7,1714,2.4,671
2295,38,2167,"16490",355,0.8,2801,2.6,1159
2305,37,3033,"16550",550,1.0,3009,2.4,1121
1137,46,1341,"16610",295,0.8,1431,2.4,609
2098,37,2600,"16700",460,1.0,2519,2.5,967
1647,39,2114,"16900",420,0.8,1977,2.6,729
1250,48,1733,"16950",350,0.7,1537,2.3,634
2016,37,1917,"17000",338,0.8,2315,2.7,819
1593,43,1500,"17040",300,0.8,2092,2.4,835
1306,45,1300,"17080",230,0.8,1683,2.4,685
2831,38,3000,"17420",580,0.8,2990,3.1,1033
1296,47,1872,"17550",400,0.8,1663,2.4,658
1429,42,1560,"17620",270,0.7,1914,2.4,751
1465,49,1540,"17640",277,0.7,1906,2.4,753
1346,47,1333,"17650",250,0.7,1708,2.4,677
1638,35,1517,"17750",300,0.7,2060,2.5,839
1224,50,1056,"17850",200,0.7,1583,2.2,690
1001,44,858,"17900",180,0.8,1362,2.2,556
1321,45,1045,"17950",200,0.7,1743,2.4,744
1068,50,922,"18020",200,0.7,1387,2.3,559
2854,35,3500,"18050",670,1.0,3709,2.3,1442
1046,52,953,"18100",198,0.7,1398,2.2,575
1392,43,1300,"18200",200,0.8,1765,2.5,717
2556,39,3299,"18250",571,1.0,3235,2.6,1145
1673,48,2167,"18350",430,0.7,2096,2.4,794
2151,37,2363,"18400",415,0.8,2350,3.0,877
1682,39,2167,"18450",390,0.8,2151,2.5,754
3192,41,3900,"18500",695,0.9,4561,2.3,1619
2289,43,2167,"18710",350,0.8,2701,2.7,1050
1638,45,1300,"19399",263,0.8,1927,2.5,900
1340,49,1473,"20110",275,0.7,1769,2.3,731
1252,46,1083,"20260",245,0.7,1651,2.2,685
1429,39,1477,"20570",297,0.7,1871,2.4,743
2027,40,2167,"20660",399,0.8,2521,2.5,915
1163,51,1500,"20740",300,0.7,1485,2.2,626
1495,41,1600,"20830",320,0.7,1874,2.5,726
2487,45,3000,"20910",520,0.8,3361,2.5,1098
1192,51,1300,"21010",250,0.7,1548,2.2,654
2376,40,3000,"21110",451,0.9,3186,2.5,1071
1506,37,1700,"21180",346,0.9,1674,2.9,611
1088,52,734,"21270",158,0.7,1468,2.2,618
1264,47,1300,"21370",250,0.7,1630,2.4,668
1874,34,1868,"21450",361,0.8,2097,2.8,831
1918,34,1950,"21610",380,0.9,2045,3.1,783
904,52,1018,"21670",235,0.7,1260,2.1,503
1277,45,1300,"21750",265,0.7,1721,2.3,704
1263,48,1083,"21830",225,0.7,1669,2.3,689
1829,37,2080,"21890",381,0.9,2369,2.4,879
1110,52,1300,"22110",268,0.7,1417,2.2,603
1653,39,1800,"22170",356,0.8,2098,2.5,805
1071,51,1000,"22250",195,0.7,1417,2.2,590
1400,39,1300,"22830",260,0.8,1759,2.5,712
1281,52,1421,"22910",295,0.7,1697,2.2,666
1159,50,750,"22980",180,0.7,1569,2.2,644
1972,39,2167,"23110",380,0.8,2453,2.5,913
1381,41,1200,"23190",240,0.7,1850,2.3,772
1703,33,1806,"23270",369,0.9,1852,3.1,665
1511,47,1517,"23350",275,0.7,1954,2.4,777
1914,41,2167,"23430",402,0.8,2406,2.5,878
1884,40,2000,"23670",400,0.8,2194,2.7,797
1260,42,1213,"23810",236,0.7,1679,2.3,654
1039,52,867,"23940",170,0.8,1394,2.2,554
2059,43,2000,"24130",390,0.8,2403,2.7,865
1920,43,2400,"24210",462,0.8,2252,2.7,756
1325,49,1500,"24250",320,0.7,1705,2.3,716
1998,35,2100,"24330",376,0.9,2494,2.4,965
2105,33,2300,"17100",460,1.1,2301,2.7,869
2288,41,2620,"17150",500,0.9,2758,2.7,1018
2212,34,2700,"17200",550,1.1,3057,1.9,1241
1416,39,1517,"17310",300,0.7,1821,2.4,755
1203,47,1100,"17350",230,0.7,1623,2.3,656
885,55,1083,"17400",240,0.7,1206,2.1,490
2133,38,2400,"22310",436,0.9,2806,2.5,1021
1214,49,1083,"22410",220,0.7,1599,2.2,640
1899,39,1733,"22490",338,0.8,2125,2.9,783
1448,40,1417,"22620",295,0.7,1865,2.4,739
1453,36,1785,"22670",346,1.0,1605,2.9,618
1592,39,1733,"22750",346,0.8,2051,2.4,769
1678,30,1963,"24600",396,1.0,2368,1.8,959
1887,33,1800,"24650",360,0.8,2051,3.1,786
1341,40,1283,"24780",265,0.8,1700,2.4,694
1719,36,1733,"24850",328,0.8,2012,2.7,789
1192,48,1300,"24900",250,0.7,1505,2.3,629
1901,38,2383,"24970",436,0.8,2223,2.7,754
2011,39,2188,"25060",386,0.9,2625,2.4,954
1785,39,1733,"25150",330,0.8,2127,2.6,802
1943,35,2034,"25250",400,0.9,2403,2.4,921
1555,48,1989,"25340",380,0.7,2054,2.4,761
1252,51,1432,"25430",300,0.7,1702,2.2,674
1530,45,1452,"25490",250,0.7,1916,2.5,767
1287,50,1517,"25620",270,0.7,1713,2.3,673
2476,42,2200,"25710",440,0.8,2772,2.9,962
1124,49,975,"25810",200,0.7,1496,2.2,653
2069,38,2169,"25900",420,0.9,3052,1.9,1289
1101,50,1083,"25990",210,0.7,1419,2.2,579
1509,62,2025,"26080",370,0.6,1960,2.0,834
1266,49,1408,"26170",260,0.7,1651,2.3,655
1261,47,1083,"26260",220,0.7,1684,2.2,699
2210,37,2500,"26350",421,0.9,3299,2.1,1294
1188,53,1300,"26430",260,0.7,1580,2.2,653
2088,42,2145,"26490",461,0.8,2441,2.6,941
1379,39,1157,"26610",225,0.8,1721,2.5,715
1282,52,1200,"26670",210,0.7,1658,2.2,689
1326,45,1350,"26700",260,0.7,1771,2.3,727
1420,42,1430,"26730",295,0.7,1891,2.3,759
1272,44,1300,"26810",260,0.7,1661,2.3,658
1207,51,739,"26890",140,0.7,1651,2.2,702
1841,39,2231,"26980",411,0.8,2300,2.6,778
1768,35,1900,"27070",371,0.8,1970,2.9,737
1498,38,1479,"27170",290,0.7,1938,2.4,805
2023,32,1930,"27260",370,0.8,2129,3.1,839
2270,34,2321,"27350",451,1.0,3138,2.0,1324
1881,40,1950,"27450",380,0.8,2203,2.7,808
1102,52,672,"27630",166,0.7,1491,2.1,625
1382,30,1300,"29399",385,1.0,1766,2.2,843
1069,29,0,"30250",125,1.2,785,3.9,331
1358,40,1169,"30300",200,0.8,1704,2.4,780
1766,38,1300,"30370",240,0.8,2138,2.5,856
1418,43,1083,"30410",163,0.7,1962,2.3,858
1875,38,2000,"30450",100,0.8,2374,2.3,991
1254,48,867,"30760",157,0.8,1557,2.3,729
1616,34,1733,"34590",350,0.8,1825,2.9,736
1561,40,1083,"34710",200,0.7,2094,2.3,938
1853,38,1733,"34770",340,0.8,2215,2.6,866
1733,36,550,"34800",130,0.8,2297,2.5,1074
1010,27,0,"34830",120,1.2,924,3.6,365
1588,38,1300,"34860",220,0.7,2042,2.5,875
1269,43,1517,"34880",275,0.9,1596,2.5,655
1648,39,1777,"35010",360,0.8,1957,2.6,761
855,29,0,"35250",104,1.2,624,3.5,285
2231,31,1536,"35300",270,0.9,2647,2.6,1155
1294,43,867,"35600",170,0.7,1766,2.2,798
788,27,0,"35670",121,1.3,924,3.7,342
1467,50,1900,"35740",470,0.8,1800,2.4,722
1021,49,1000,"35760",200,0.8,1317,2.2,555
1331,23,1300,"35780",120,1.3,1287,3.5,604
977,26,2167,"35790",125,1.2,898,3.7,380
920,44,679,"35800",125,0.8,1268,2.2,529
1071,34,0,"36070",120,1.2,947,3.4,351
1312,42,850,"36150",140,0.8,1968,2.4,823
1767,43,1950,"36250",420,0.7,2131,2.6,786
1757,37,800,"36300",133,0.8,1929,2.6,918
1477,37,1400,"36370",280,0.8,1888,2.5,758
1410,46,1733,"36510",315,0.8,1706,2.6,661
1312,45,1500,"36580",300,0.8,1517,2.6,620
1045,48,1083,"36630",245,0.8,1337,2.3,542
1108,48,1300,"36660",255,0.7,1396,2.3,590
1595,43,1915,"36720",440,0.8,1920,2.5,755
1167,49,1352,"36820",260,0.8,1478,2.3,625
1461,39,1517,"36910",300,0.8,1847,2.5,743
2006,30,1791,"36950",200,1.2,1951,3.1,877
976,27,0,"36960",130,1.0,923,3.5,411
1701,36,1517,"37010",305,0.8,2082,2.5,864
1490,33,1020,"30900",125,1.0,1875,2.5,1006
2068,36,2019,"31000",408,0.8,2474,2.5,947
1625,36,696,"31750",153,0.9,1968,2.5,960
1157,47,1300,"31820",285,0.8,1427,2.4,594
1345,45,1220,"31900",222,0.8,1804,2.3,723
1312,35,477,"31950",150,1.0,2125,2.3,884
1578,39,1588,"32080",340,0.8,1950,2.5,809
1469,36,1128,"32250",173,1.1,1704,2.5,770
1204,46,1300,"32260",250,0.8,1475,2.3,647
2095,34,1500,"32270",250,0.8,2443,2.6,1011
1307,42,1300,"32310",220,0.8,1734,2.4,669
793,23,0,"32330",100,1.0,803,3.4,375
1879,34,1200,"32450",220,0.8,2321,2.5,1190
1159,42,1300,"32500",200,1.0,1494,2.3,669
1375,35,0,"32600",148,1.0,1937,2.7,819
2978,30,2063,"37300",500,1.0,3283,2.9,1558
1374,38,1300,"37310",240,0.8,1713,2.5,716
1472,40,1612,"37340",300,0.8,1856,2.4,795
1792,39,953,"32750",140,0.9,2187,2.1,1074
1563,41,1733,"41060",325,0.8,2072,2.4,786
1311,48,1207,"41140",240,0.7,1658,2.3,705
1223,25,737,"32770",120,1.5,882,4.2,354
1310,46,1517,"32810",310,0.8,1682,2.3,736
1145,46,758,"33100",160,1.0,1441,2.2,744
1343,42,758,"33200",160,0.8,1743,2.3,821
1062,51,1300,"33220",300,0.7,1293,2.3,533
1639,38,1600,"33360",275,0.8,2048,2.5,758
1691,39,1950,"33430",450,0.8,2010,2.5,787
1394,40,1300,"33610",250,0.8,1735,2.5,754
1115,48,1327,"33620",290,0.8,1359,2.4,554
1158,51,1170,"33800",200,0.7,1555,2.2,644
836,28,975,"33830",120,1.1,874,3.1,386
1668,33,1600,"33960",330,0.8,1936,2.8,795
2420,34,1213,"33980",113,0.8,2910,2.6,1314
1132,29,0,"34420",115,1.3,858,3.7,341
1625,43,1733,"34530",350,0.8,2008,2.5,765
1066,27,0,"34570",125,1.2,959,3.4,420
1457,39,1500,"34580",300,0.8,1684,2.7,665
1316,45,863,"37400",150,0.8,2048,2.1,882
684,23,0,"37550",120,1.2,707,3.3,361
840,29,0,"37570",70,1.2,833,3.2,332
1254,25,1392,"37600",150,1.5,911,4.5,337
1473,32,1733,"40070",400,0.9,2220,1.8,780
2067,44,1860,"40120",350,0.8,2416,2.7,892
1143,53,1400,"40220",280,0.7,1428,2.3,606
1266,28,0,"40250",85,1.4,739,4.0,324
1480,45,1458,"40310",295,0.7,1910,2.4,749
975,57,1042,"40430",208,0.7,1320,2.1,525
1169,46,1083,"40520",210,0.7,1485,2.3,637
2069,44,2300,"40700",360,0.8,2686,2.5,970
1590,40,1733,"40910",345,0.8,2058,2.5,758
1381,40,1247,"41010",200,0.8,1794,2.4,764
1110,46,877,"41190",165,0.7,1391,2.3,664
764,50,630,"41330",163,0.8,1380,1.8,498
997,54,1177,"41560",250,0.7,1300,2.2,551
1135,44,953,"41750",150,0.8,1480,2.3,682
1045,53,873,"41830",175,0.7,1489,2.1,634
1194,52,1040,"41960",200,0.7,1463,2.2,668
1324,41,1350,"42030",285,0.7,1728,2.3,701
916,51,867,"42110",190,0.7,1283,2.2,497
1747,45,1400,"42250",200,0.8,2039,2.6,811
1604,48,1950,"42600",340,0.8,2331,2.2,885
1128,50,1023,"42750",208,0.8,1501,2.2,672
912,50,542,"43080",160,0.7,1287,2.2,477
1282,42,860,"43220",150,0.7,1625,2.4,744
1184,53,1170,"43360",200,0.7,1497,2.1,676
1781,40,1500,"43650",280,0.8,2046,2.8,770
1557,44,1300,"43710",240,0.8,1905,2.5,809
1169,48,1083,"43790",204,0.7,1488,2.3,660
1312,44,0,"44000",50,1.3,725,2.3,343
1557,39,1699,"44060",330,0.8,2038,2.4,776
918,54,1083,"44210",201,0.7,1253,2.1,512
1996,42,1981,"44340",335,0.8,2518,2.6,891
1753,39,1602,"44550",350,0.8,2114,2.6,828
1232,41,1127,"44620",220,0.7,1684,2.3,702
1119,55,919,"44830",180,0.7,1406,2.2,600
1109,43,1127,"45040",240,0.7,1398,2.3,603
1435,41,1083,"45090",220,0.8,1797,2.4,786
1147,49,806,"45120",192,0.7,1506,2.2,640
1664,41,2000,"45290",340,0.8,2338,2.2,878
1410,41,1449,"45340",312,0.7,1778,2.4,710
1077,52,650,"45400",150,0.7,1437,2.2,606
717,54,585,"45540",158,0.6,992,1.9,459
1263,33,1300,"45680",266,0.8,1488,2.6,632
1466,37,1600,"45890",300,0.8,1878,2.4,717
1275,38,1153,"46090",200,0.7,1653,2.3,699
1243,41,1300,"46300",240,0.7,1667,2.3,717
1063,44,953,"46450",185,0.7,1459,2.2,570
2005,37,1947,"46510",331,0.9,2488,2.5,964
1226,44,1083,"46670",200,0.8,1538,2.3,674
1220,52,1200,"46860",250,0.7,1694,2.2,736
3140,31,1517,"46970",260,0.8,3467,2.7,1787
1356,36,1300,"47140",300,0.8,1586,2.6,643
1312,45,672,"47290",160,0.7,1740,2.2,757
1109,47,1083,"47490",240,0.8,1433,2.3,652
1470,41,867,"47630",200,0.7,1829,2.4,817
1635,41,1517,"47700",330,0.8,2023,2.5,778
1084,48,880,"47800",190,0.7,1370,2.2,604
1139,52,1138,"47910",210,0.7,1554,2.2,657
1999,43,2167,"47980",350,0.8,2697,2.3,983
980,60,1300,"48050",290,0.7,1255,2.1,545
1138,45,918,"48130",220,0.7,1463,2.4,627
1893,38,975,"51960",200,0.8,2303,2.3,929
1030,57,1200,"52030",210,0.7,1392,2.1,619
2052,45,2167,"48260",380,0.8,2762,2.3,1001
1180,48,953,"48340",180,0.7,1550,2.3,636
1587,38,1733,"48410",310,0.8,2112,2.3,796
1188,41,1083,"48540",180,0.7,1676,2.2,641
1379,43,780,"48640",150,0.7,1895,2.4,810
1052,56,1300,"48750",275,0.7,1353,2.2,567
960,57,997,"48830",200,0.7,1318,2.1,544
1105,42,625,"49399",90,0.8,1417,2.1,773
1350,45,1517,"50080",300,0.7,1757,2.4,710
1774,35,1750,"50210",305,0.8,2061,2.8,815
2937,34,1613,"50250",48,0.9,3310,2.7,1865
1529,42,1733,"50280",350,0.8,1871,2.5,785
1738,40,1801,"50350",330,0.7,2278,2.4,872
1739,38,1880,"50420",340,0.8,2228,2.3,869
1641,36,1733,"50490",350,0.8,2086,2.3,886
1053,55,1160,"50560",200,0.7,1406,2.2,567
1760,42,1690,"50630",280,0.7,2131,2.5,834
1265,47,1212,"50770",220,0.7,1581,2.3,705
1218,51,1408,"50840",280,0.7,1632,2.3,621
1284,50,1300,"50910",200,0.8,1616,2.3,614
2091,34,2167,"50980",300,1.0,2428,2.7,1078
1366,41,781,"51080",168,0.7,1836,2.5,793
1284,48,748,"51120",160,0.8,1762,2.4,817
1326,43,1480,"51190",300,0.7,1760,2.2,725
1459,45,1755,"51260",366,0.7,1866,2.5,751
2964,41,3000,"51310",450,0.8,3898,2.7,1222
1838,36,1828,"51330",355,0.8,2130,2.8,768
1949,38,1733,"51400",350,0.7,2206,2.8,831
1234,46,867,"51470",150,0.7,1766,2.0,731
1401,40,1300,"51540",209,0.9,1909,2.3,793
2046,44,2000,"51610",260,0.8,2286,2.7,932
2044,44,2100,"51680",320,0.8,2258,2.8,798
2252,43,3000,"51750",485,0.8,3388,2.3,1142
1995,37,1950,"51820",370,0.8,2344,2.6,920
1234,44,1300,"51890",250,0.7,1618,2.3,591
1399,47,867,"52100",180,0.7,2007,2.3,838
3303,44,3835,"52170",535,0.8,4597,2.5,1447
1287,46,1083,"52240",168,0.7,1762,2.3,762
1236,51,1127,"52310",200,0.7,1466,2.3,674
682,54,725,"52380",100,0.6,1333,1.5,1145
1496,37,1200,"52450",200,0.7,1971,2.5,714
1812,39,1083,"52520",230,0.7,2198,2.6,1015
1305,51,1560,"52590",310,0.7,1704,2.2,710
1746,40,1690,"52660",340,0.7,2089,2.6,777
1134,50,1517,"52730",300,0.7,1491,2.3,630
1325,32,1629,"52800",100,1.0,1032,2.9,459
1332,49,1562,"52870",290,0.7,1688,2.4,658
1197,45,687,"52940",150,0.7,1531,2.3,758
1260,44,515,"53010",150,0.7,1670,2.3,802
827,50,600,"53080",150,0.7,1224,1.8,654
2288,44,2600,"53150",420,0.8,3178,2.5,1075
2506,34,1083,"53220",105,1.0,2828,2.9,1734
1521,42,1560,"53290",265,0.7,2014,2.4,806
1979,37,2103,"53360",330,0.9,2252,2.5,967
1887,42,2167,"53430",370,0.8,2591,2.2,969
1331,50,1700,"53570",270,0.7,1626,2.4,670
1482,39,780,"53640",180,0.7,2034,2.5,911
2324,34,1600,"54280",300,0.8,2825,2.6,1207
3158,32,2000,"54310",285,0.9,3462,2.8,1545
1217,49,1000,"53710",200,0.7,1784,2.2,747
1656,36,1733,"53780",330,0.8,1930,2.8,727
1536,40,1519,"53800",260,0.7,2003,2.4,777
1098,29,1600,"53920",90,1.3,786,3.3,363
1788,40,1733,"53990",320,0.7,2067,2.7,773
1168,53,1537,"54060",250,0.7,1598,2.2,626
1421,40,1004,"54130",186,0.8,1798,2.4,870
2165,41,2080,"54170",400,0.7,2528,2.7,906
1866,40,1907,"54200",370,0.7,2215,2.6,835
1343,39,1055,"54340",200,0.8,1646,2.5,712
1078,52,867,"54410",160,0.7,1612,2.2,586
1784,39,230,"54480",105,0.7,2187,2.6,1103
1446,45,1073,"54550",200,0.7,2004,2.3,882
1293,46,650,"54620",148,0.7,1875,2.2,860
1341,51,748,"54690",129,0.7,1524,2.2,759
1820,44,546,"54760",169,0.8,2225,2.5,1007
1716,33,1724,"54830",315,0.8,1996,2.7,812
1715,41,1000,"54900",180,0.7,2100,2.4,1001
966,37,413,"54970",80,0.9,988,2.5,1569
1951,33,683,"55040",93,0.9,2401,2.5,1508
1273,45,1733,"55110",300,0.7,1651,2.4,631
1211,47,1300,"55180",230,0.7,1616,2.3,675
1243,34,650,"55250",115,0.9,1292,2.4,1010
2096,42,2200,"55320",400,0.7,2654,2.6,909
1547,44,778,"55950",155,0.8,1875,2.3,756
1260,39,397,"55390",150,1.0,1208,2.1,1722
1380,41,1078,"55460",210,0.7,1869,2.3,755
1468,47,729,"55530",150,0.7,1937,2.4,806
1907,44,1950,"56090",350,0.7,2270,2.6,817
1445,44,1000,"55600",225,0.7,1906,2.3,803
1443,42,500,"55670",190,0.8,1676,2.3,742
1087,49,1000,"56860",88,0.7,1268,2.1,640
2132,42,3000,"55740",300,0.8,3456,2.4,1030
1204,42,542,"55810",175,0.8,1375,2.1,863
1396,47,650,"55880",145,0.7,1802,2.3,868
1649,36,1800,"56160",139,0.9,1674,2.6,833
1368,45,1750,"56230",300,0.7,1742,2.5,629
1094,56,1400,"56300",254,0.8,1381,2.1,581
1483,47,720,"56370",150,0.7,1875,2.3,923
1310,43,1191,"56460",240,0.7,1802,2.2,734
3226,43,3500,"56580",520,0.8,4244,2.8,1178
1228,30,0,"56620",65,1.2,878,3.5,369
1316,43,1393,"56730",250,0.7,1631,2.4,660
1110,53,1300,"56790",250,0.7,1450,2.2,607
4565,42,4167,"56930",440,0.7,5012,2.7,1501
949,60,1517,"57630",70,0.6,1833,1.5,675
2097,33,1972,"57700",380,0.8,2242,3.0,909
1187,43,1387,"57770",220,0.8,1818,2.1,787
2004,39,2200,"57840",360,0.8,2761,2.2,1010
1786,38,1967,"57910",340,0.8,2332,2.4,912
2140,40,2539,"57980",400,0.9,3242,2.1,1210
1843,35,1842,"58050",340,0.8,2109,2.8,840
1125,46,563,"58190",161,0.8,1583,2.5,701
1366,42,650,"58260",120,0.8,1696,2.3,748
1652,43,780,"57000",170,0.7,2018,2.3,1305
1931,33,1924,"57080",400,1.0,2480,1.8,1053
996,52,867,"57140",200,0.7,1340,2.2,585
1181,48,1278,"57210",225,0.8,1491,2.3,626
2865,32,1517,"57280",225,0.9,3264,2.7,1532
1129,54,800,"57350",130,0.7,1445,2.2,607
1655,42,1029,"57420",250,0.7,2019,2.2,926
1724,36,1733,"57490",330,0.7,2077,2.6,786
1400,42,1400,"64810",350,0.8,1719,2.4,726
1332,44,1300,"65010",250,0.8,1605,2.5,660
863,57,1083,"65210",250,0.8,1174,2.0,509
1138,48,1200,"65410",240,0.8,1516,2.3,605
958,47,650,"65610",160,0.7,1406,2.0,548
1272,54,1564,"58330",285,0.7,1579,2.3,624
864,55,531,"58400",120,0.6,1125,1.9,512
1402,45,1364,"65810",300,0.8,1758,2.4,700
1300,37,826,"58470",75,0.9,1312,2.9,484
1844,36,2000,"58510",350,0.8,2473,2.2,987
2142,34,1800,"70200",375,0.9,2484,2.6,1131
1653,48,537,"58540",150,0.7,2200,2.3,963
2209,36,2197,"58570",400,0.9,3050,2.2,1193
1183,49,875,"58610",195,0.7,1718,2.2,686
1687,49,1600,"58680",200,0.7,2100,2.4,824
1894,35,1900,"58760",350,0.8,2148,2.8,817
1312,48,1625,"58820",260,0.7,1701,2.4,620
1325,50,915,"58890",143,0.7,1708,2.2,804
1318,48,400,"59030",85,0.7,1465,2.2,817
2199,31,2037,"72800",400,0.9,2453,2.8,1133
1320,29,1290,"73600",75,1.7,756,4.1,288
757,30,845,"74050",80,1.3,551,3.4,240
1194,27,1170,"74550",85,1.3,875,3.5,392
1256,47,867,"59100",139,0.7,1662,2.4,742
1355,52,1597,"74560",250,1.0,1768,2.1,826
1523,28,488,"74660",80,1.6,771,4.2,285
804,26,0,"74680",50,1.9,467,4.9,196
2087,35,1785,"79399",123,1.0,2805,2.4,1160
1739,41,1285,"59170",200,0.7,2243,2.4,1015
1109,35,0,"59250",118,1.0,767,2.4,1196
2373,35,2080,"89399",450,0.8,2872,2.5,1204
1199,49,1300,"99399",228,0.8,1630,2.2,728
1269,44,993,"59310",180,0.7,1757,2.3,767
1385,45,1148,"59320",150,0.8,1663,2.5,741
916,54,650,"59330",150,0.6,1481,1.9,582
1858,33,2000,"59340",230,1.0,2082,2.7,1016
1575,34,223,"59350",150,0.9,1583,2.6,1397
1370,47,790,"59360",150,0.6,2057,2.0,1128
1127,56,1404,"59370",260,0.7,1538,2.2,604
836,56,1083,"60210",240,0.8,1132,2.0,484
1352,35,1392,"60410",280,0.9,1593,2.6,700
1225,40,1129,"60610",240,0.8,1598,2.3,661
1209,48,1300,"60810",250,0.8,1562,2.3,634
1013,50,900,"61010",200,0.8,1400,2.1,569
1270,41,1083,"61210",220,0.8,1614,2.4,670
1602,41,1541,"61410",350,0.8,1991,2.4,820
1244,42,1235,"61510",285,0.8,1518,2.5,619
1167,43,1200,"61610",250,0.8,1495,2.3,630
1039,48,1083,"61810",220,0.7,1358,2.2,583
1057,57,867,"62010",139,0.7,1542,2.0,678
996,49,1083,"62210",220,0.7,1272,2.2,519
1005,57,1103,"62410",250,0.8,1289,2.1,596
1325,37,1337,"62610",325,0.9,1632,2.4,691
1842,37,1800,"62810",390,0.9,2324,2.3,886
1227,46,1300,"63010",290,0.8,1514,2.4,609
1207,49,1248,"63210",230,0.8,1470,2.4,604
1330,45,1083,"63410",190,0.7,1719,2.1,845
1667,41,1625,"63610",380,0.8,2025,2.5,796
1256,49,1322,"63810",260,0.8,1534,2.3,645
1310,39,1300,"64010",278,0.8,1677,2.3,694
1290,46,1322,"64210",270,0.8,1675,2.4,670
1259,46,1300,"64610",250,0.8,1618,2.3,683
1474,30,1087,"70420",115,1.2,1035,3.2,456
680,32,0,"70540",75,1.2,661,3.2,272
1122,28,498,"70620",75,1.4,635,4.1,272
996,51,1517,"70700",175,0.9,1379,2.1,607
2188,35,2000,"71000",380,0.9,2463,2.6,1111
1395,28,997,"71300",80,1.7,775,4.8,290
2116,33,1625,"72200",295,1.0,2353,2.7,1072
2346,39,2253,"72300",380,1.0,2675,2.8,1119
1151,30,758,"72330",75,1.4,743,3.8,286
