,bbox,location,avg_sentiment,count
0,"[112.921113954128, -35.1348464327536, 129.00193001566, -13.6894920283571]","Western Australia, Australia",0.03172697253546749,47
1,"[114.115011424, -21.975149602, 114.140753728, -21.9187106345]","Exmouth, Western Australia",0.009648370497427096,2
2,"[114.984345824, -34.0056185535, 115.004187008, -33.9690106425]","Gnarabup - Prevelly, Western Australia",0.15,1
3,"[114.993639, -34.01060301, 115.11214308, -33.92271396]","Margaret River, Western Australia",0.0,1
4,"[115.063552992, -33.6396430065, 115.163573472, -33.58049612]","Dunsborough, Western Australia",-0.02135642135642135,3
5,"[115.078374, -30.17291499, 115.54299504, -29.91445902]","Warradarge, Western Australia",0.06896551724137931,1
6,"[115.12833312, -34.346681094, 115.17306784, -34.300429466]","Augusta, Western Australia",0.03225806451612903,1
7,"[115.18312176, -33.703378966, 115.471491776, -33.5806458035]","Busselton, Western Australia",0.10313845772531523,3
8,"[115.31871684, -30.57076998, 115.91090892, -30.31738299]","Badgingarra, Western Australia",0.1,1
9,"[115.44947344, -32.027633759, 115.558403232, -31.9873434045]","Rottnest Island, Western Australia",0.06274509803921569,2
10,"[115.579510912, -31.5088593305, 115.60665648, -31.485394985]","Two Rocks, Western Australia",-0.09523809523809523,1
11,"[115.587653504, -33.4403386215, 115.753294432, -33.2139593015]","Bunbury, Western Australia",-0.010063150708312,7
12,"[115.617614368, -32.675715325, 116.239023008, -31.6244855145]","Perth, Western Australia",-0.021709542597785545,1017
13,"[115.790362752, -32.374305185, 115.834258048, -32.3186471395]","Baldivis, Western Australia",0.1375,2
14,"[115.954642304, -31.8037279815, 116.023731488, -31.7418732315]","Ellenbrook, Western Australia",0.07547169811320754,1
15,"[115.972975712, -33.7909173955, 115.999992, -33.77720329]","Balingup, Western Australia",-0.05,2
16,"[116.041506368, -32.717051096, 116.071218592, -32.7046849005]","Dwellingup, Western Australia",0.0,1
17,"[116.621278368, -31.6808953445, 116.703011168, -31.6238093025]","Northam, Western Australia",0.0027624329521124635,100
18,"[116.64904176, -30.2866997505, 116.67064, -30.2684321845]","Dalwallinu, Western Australia",0.013038548752834465,2
19,"[116.71598484, -32.19635403, 117.07527384, -31.99178097]","Beverley, Western Australia",0.06382978723404255,1
20,"[116.753317984, -20.799268993, 116.912100992, -20.6929829965]","Karratha, Western Australia",-0.09090909090909091,1
21,"[116.872999648, -33.0346520105, 116.895433216, -33.0190128505]","Williams, Western Australia",-0.11764705882352941,1
22,"[117.621376, -33.867366999, 117.655788096, -33.8317150015]","Broomehill Village, Western Australia",0.0,1
23,"[117.64369296, -34.642740294, 117.681792992, -34.6153807735]","Mount Barker (WA), Western Australia",0.15151515151515152,1
24,"[117.807076, -35.0490929975, 117.966840992, -34.935111001]","Albany, Western Australia",-0.0158895470855414,23
25,"[118.567879008, -20.422959087, 118.690424992, -20.286555886]","Port Hedland, Western Australia",-0.10333333333333333,2
26,"[119.714298944, -23.3853656965, 119.760627872, -23.340723513]","Newman, Western Australia",-0.06818181818181818,1
27,"[121.856602176, -33.890648879, 121.940108352, -33.8128110355]","Esperance, Western Australia",0.1826086956521739,2
28,"[122.17533104, -18.0088748285, 122.265556, -17.897702686]","Broome, Western Australia",0.23863196594427244,4
29,"[128.729392224, -15.79202536, 128.754404032, -15.7539067575]","Kununurra, Western Australia",0.15789473684210525,1
30,"[129.00043972181, -25.9994823328982, 138.001197860428, -10.9659142638934]","Northern Territory, Australia",-0.08677850627430458,10
31,"[129.001336997342, -38.0626029901026, 141.002955609625, -25.9961464965035]","South Australia, Australia",-0.0008980220286611176,51
32,"[130.815116992, -12.521741584, 131.05149984, -12.330059717]","Darwin, Northern Territory",-0.01745701356231875,63
33,"[131.98621212, -25.99909803, 135.90442404, -24.135165]","Ghan, Northern Territory",-0.0009202667179019843,47
34,"[132.252153536, -14.4952150055, 132.308064704, -14.437736523]","Katherine, Northern Territory",0.0,1
35,"[132.815985344, -12.6900702535, 132.858332, -12.652038231]","Jabiru, Northern Territory",0.11627906976744186,1
36,"[133.64271824, -32.152244172, 133.716878816, -32.1065249925]","Ceduna, South Australia",-0.0069444444444444475,2
37,"[133.81485984, -23.7811169935, 133.92069168, -23.660293993]","Alice Springs, Northern Territory",-0.016403484182278605,8
38,"[134.715988448, -29.0517079415, 134.809687328, -28.9861224445]","Coober Pedy, South Australia",0.0031135531135531107,5
39,"[135.821373856, -34.779441271, 135.95306448, -34.672936068]","Port Lincoln, South Australia",0.05527747330816384,7
40,"[136.762361984, -12.20115353, 136.796225696, -12.1614424845]","Nhulunbuy, Northern Territory",-0.05405405405405406,1
41,"[136.868664, -12.27438208, 136.913558464, -12.218267362]","Yirrkala, Northern Territory",0.02631578947368421,1
42,"[137.538534816, -34.096846401, 137.625703008, -34.0436549975]","Moonta, South Australia",-0.0300151234582902,7
43,"[137.562927328, -33.9732799985, 137.669275008, -33.8889221075]","Wallaroo, South Australia",-0.10714285714285714,1
44,"[137.56956408, -35.67857904, 137.64497688, -35.63552799]","Kingscote, South Australia",0.0,1
45,"[137.759308896, -35.789970804, 137.785969088, -35.769093036]","American River, South Australia",0.06666666666666667,1
46,"[137.970840384, -33.2483984945, 138.039943008, -33.150742045]","Port Pirie, South Australia",-0.04183039183039182,5
47,"[137.99595743193, -29.1778977038344, 153.552171234046, -9.14217597872764]","Queensland, Australia",-0.007210454942368922,179
48,"[138.44212992, -35.348970061, 138.780189824, -34.652564053]","Adelaide, South Australia",-0.0004953267771141135,525
49,"[138.468792, -35.296966006, 138.49804464, -35.243023336]","Aldinga, South Australia",-0.21428571428571427,1
50,"[138.516838016, -35.5879552995, 138.847835104, -35.451599662]","Victor Harbor - Goolwa, South Australia",-0.01833497825161127,19
51,"[138.57706008, -34.94215998, 138.62447712, -34.90911801]","Adelaide, South Australia",0.0,1
52,"[138.630786976, -34.651025704, 138.655956096, -34.632762504]","Angle Vale, South Australia",-0.2692307692307692,1
53,"[138.671637568, -35.049408922, 138.790463776, -34.968974992]","Crafers - Bridgewater, South Australia",0.02992806039460199,16
54,"[138.79302048, -35.036844499, 138.821955744, -35.016223252]","Hahndorf, South Australia",0.004119318181818182,4
55,"[138.841943776, -35.1016158665, 138.907160192, -35.0319765385]","Mount Barker (SA), South Australia",-0.04285714285714286,2
56,"[138.865019488, -34.683056789, 138.899577792, -34.65323712]","Williamstown, South Australia",-0.05555555555555555,1
57,"[138.866936512, -34.9160949065, 138.89411248, -34.890108678]","Lobethal, South Australia",-0.08,1
58,"[138.899078656, -34.35299211, 138.933839456, -34.3230246075]","Kapunda, South Australia",0.062106563055329654,3
59,"[138.910346592, -33.6895436115, 138.948525376, -33.659201743]","Burra, South Australia",0.14705882352941177,1
60,"[138.936600736, -34.5547270065, 138.980101376, -34.5075930025]","Tanunda, South Australia",0.0,2
61,"[138.973213792, -34.4840075005, 139.013936992, -34.4499174025]","Nuriootpa, South Australia",0.17073170731707318,1
62,"[139.226880992, -35.1514260065, 139.347459008, -35.088482994]","Murray Bridge, South Australia",-0.18181818181818182,1
63,"[140.442539776, -37.701265559, 140.463521152, -37.687976898]","Tantanoola, South Australia",0.05128205128205128,1
64,"[140.714881728, -36.981808033, 140.773492864, -36.933610538]","Naracoorte, South Australia",0.09368143922773146,2
65,"[140.737611968, -37.8526190725, 140.823857504, -37.794292661]","Mount Gambier, South Australia",0.001983065953654192,11
66,"[140.961681976682, -39.1591895298437, 149.976679007421, -33.9804255797424]","Victoria, Australia",-0.01945382127836859,356
67,"[140.999474522999, -37.5050599967256, 159.109219005872, -28.1570199141289]","New South Wales, Australia",-0.03252738718284504,161
68,"[141.258516992, -37.0426359035, 141.307698144, -37.0108117595]","Edenhope, Victoria",0.05795454545454545,2
69,"[141.421085056, -31.99803942, 141.488399136, -31.932088215]","Broken Hill, New South Wales",0.0,1
70,"[141.675008704, -37.6130540625, 141.71684112, -37.5910561195]","Coleraine, Victoria",0.1111111111111111,1
71,"[141.988614304, -37.7621340555, 142.086744, -37.711181929]","Hamilton, Victoria",0.02976190476190476,2
72,"[142.11115088, -34.2435513455, 142.204163136, -34.1487095045]","Mildura, Victoria",0.02127659574468085,2
73,"[142.146975008, -36.7791695225, 142.230703008, -36.6967861365]","Horsham, Victoria",0.011111111111111112,2
74,"[142.205796576, -38.3964679755, 142.261424736, -38.3566199375]","Port Fairy, Victoria",0.15384615384615385,1
75,"[142.356798592, -38.308327001, 142.376266848, -38.283673346]","Koroit, Victoria",-0.042655762025220166,5
76,"[142.3603392, -10.8602064305, 142.379881344, -10.8414836905]","Seisia, Queensland",-0.04081632653061224,1
77,"[142.404627392, -38.413142636, 142.548783296, -38.3441659965]","Warrnambool, Victoria",-0.04730997163064549,27
78,"[142.731814112, -34.5838512975, 142.748652288, -34.571148883]","Euston, New South Wales",-0.3333333333333333,1
79,"[142.900376928, -37.3019130335, 142.966393984, -37.264063791]","Ararat, Victoria",-0.051240011175510976,22
80,"[142.90281312, -35.9935600295, 142.930068352, -35.967387876]","Birchip, Victoria",0.3333333333333333,1
81,"[143.104154016, -20.7434784135, 143.151824992, -20.697158132]","Richmond (Qld), Queensland",0.05723443223443223,2
82,"[143.31142512, -37.30407696, 143.46939204, -37.22652999]","Mount Lonarch, Victoria",0.04081632653061224,1
83,"[143.367694944, -37.442526631, 143.398274144, -37.4188228585]","Beaufort, Victoria",0.0,1
84,"[143.5549176, -38.3798781005, 143.626778272, -38.3261968355]","Colac, Victoria",0.07142857142857142,1
85,"[143.656015968, -38.7662820135, 143.679940928, -38.739133911]","Apollo Bay, Victoria",0.0967741935483871,1
86,"[143.716017952, -37.064970713, 143.757568096, -37.0214236]","Maryborough (Vic.), Victoria",0.0,1
87,"[143.750564992, -37.305978797, 143.802009024, -37.2487069965]","Clunes (Vic.), Victoria",0.045715778474399164,3
88,"[143.775930016, -38.3500410045, 143.791546016, -38.3302909965]","Birregurra, Victoria",0.05182926829268293,2
89,"[143.780231008, -37.6597172785, 143.925250656, -37.4751869935]","Ballarat, Victoria",0.04204587461106718,59
90,"[143.818922731609, -43.7405096002224, 148.498673596735, -39.2036616587427]","Tasmania, Australia",-0.01188563924112354,43
91,"[143.927556, -36.6129942345, 143.954084992, -36.595296006]","Bridgewater, Victoria",-0.12121212121212122,1
92,"[143.9624592, -38.5558409615, 143.993587552, -38.5159671345]","Lorne, Victoria",0.0009820440968224015,10
93,"[144.118885344, -37.3855817995, 144.163654016, -37.2979148875]","Daylesford - Hepburn Springs, Victoria",-0.07820512820512822,3
94,"[144.167985248, -37.106867034, 144.271028, -37.0348821465]","Castlemaine, Victoria",-0.01863362987201997,19
95,"[144.183904128, -36.833285001, 144.380744992, -36.641032002]","Bendigo, Victoria",0.05492884022295787,7
96,"[144.207356928, -37.6090162525, 144.241668352, -37.588638484]","Ballan, Victoria",0.10204081632653061,1
97,"[144.280124032, -38.3594261655, 144.359813536, -38.304366854]","Torquay - Jan Juc, Victoria",0.1099266022198353,5
98,"[144.290648992, -38.216796993, 144.44827904, -38.048004991]","Geelong, Victoria",-0.007737767216517007,68
99,"[144.375862656, -38.039768458, 144.43273072, -38.006655382]","Lara, Victoria",0.10315040650406504,3
100,"[144.43828144, -37.264479005, 144.472181408, -37.2310170005]","Kyneton, Victoria",0.16544117647058823,2
101,"[144.469013856, -38.290489745, 144.563692576, -38.2471050065]","Ocean Grove - Barwon Heads, Victoria",0.016443850267379677,4
102,"[144.512067968, -37.7201984405, 144.615603616, -37.635262147]","Melton, Victoria",0.010844612414351269,20
103,"[144.548984448, -38.1832902925, 144.591636896, -38.139118157]","Drysdale - Clifton Springs, Victoria",0.3619047619047619,2
104,"[144.593741856, -38.433859306, 145.512528832, -37.5112737225]","Melbourne, Victoria",-0.003246219503948657,2682
105,"[144.620459648, -38.127607642, 144.692729984, -38.107340004]","Portarlington, Victoria",0.043114973262032084,4
106,"[144.680455008, -37.6036542495, 144.760199008, -37.520261374]","Sunbury, Victoria",0.03642545771578028,5
107,"[144.688354208, -38.1502236885, 144.720214912, -38.1202700425]","Indented Head, Victoria",-0.038461538461538464,2
108,"[144.709581984, -36.172851022, 144.789946208, -36.100149759]","Echuca, Victoria",-0.014062499999999999,4
109,"[144.82076112, -34.5436655605, 144.858713088, -34.4942290095]","Hay, New South Wales",-0.09523809523809523,1
110,"[144.87554304, -38.4802999855, 144.905523904, -38.452326894]","Cape Schanck, Victoria",0.06976744186046512,1
111,"[144.910031264, -35.5767194355, 145.001185504, -35.506293025]","Deniliquin, New South Wales",0.1,1
112,"[144.91337292, -38.49959097, 145.03639392, -38.41340697]","Flinders, Victoria",0.07142857142857142,1
113,"[144.951435, -37.85552703, 144.98909712, -37.79944596]","Melbourne, Victoria",0.10916179337231968,3
114,"[144.95404576, -37.424477217, 145.02578592, -37.3751039915]","Wallan, Victoria",-0.006663185571541366,7
115,"[145.003674656, -38.4870809755, 145.033296832, -38.4640179135]","Flinders, Victoria",-0.1,1
116,"[145.039566816, -38.4358946205, 145.06579584, -38.413123544]","Shoreham, Victoria",0.23529411764705882,1
117,"[145.121358304, -37.047374993, 145.179763008, -37.0062459965]","Seymour, Victoria",0.02040816326530612,1
118,"[145.14538624, -36.802499595, 145.166219008, -36.773746007]","Nagambie, Victoria",-0.019943019943019936,5
119,"[145.16087584, -38.4737827315, 145.199582944, -38.456480366]","Ventnor, Victoria",0.21212121212121213,1
120,"[145.213522848, -36.459475999, 145.250328032, -36.425431004]","Tatura, Victoria",-0.2777777777777778,1
121,"[145.338536704, -36.45701376, 145.461960992, -36.3452964595]","Shepparton - Mooroopna, Victoria",0.022036822826296504,7
122,"[145.37487168, -38.0832627535, 145.437385536, -38.044253376]","Officer, Victoria",0.08617571215855023,7
123,"[145.40339392, -17.027825952, 145.449439008, -16.978046226]","Mareeba, Queensland",-0.023809523809523808,2
124,"[145.425252384, -36.1598492775, 145.435195456, -36.148572991]","Wunghnu, Victoria",0.17142857142857143,1
125,"[145.42811568, -36.1019402075, 145.46557296, -36.0776039385]","Numurkah, Victoria",0.056056964964902214,5
126,"[145.433933056, -38.091959363, 145.520447008, -38.049848072]","Pakenham, Victoria",-0.028757497901681108,9
127,"[145.454122496, -16.5416919985, 145.480272832, -16.4770790465]","Port Douglas - Craiglie, Queensland",0.01875,4
128,"[145.460960992, -17.293307316, 145.509336128, -17.2484885315]","Atherton, Queensland",-0.08823529411764706,1
129,"[145.48590496, -37.7810383545, 145.5024128, -37.769769542]","Seville East, Victoria",-0.00596275299392568,7
130,"[145.567059008, -38.6263857905, 145.610024992, -38.5783746645]","Wonthaggi, Victoria",0.0,1
131,"[145.574220768, -17.2761207235, 145.601408416, -17.245416255]","Yungaburra, Queensland",0.053273809523809515,7
132,"[145.650457088, -17.038658997, 145.783431648, -16.7223939305]","Cairns, Queensland",-0.026047435988693392,42
133,"[145.670474464, -35.9264785855, 145.709029888, -35.888837394]","Barooga, New South Wales",-0.16216216216216217,1
134,"[145.67390496, -37.7696013955, 145.722483008, -37.737751851]","Warburton, Victoria",-0.09808612440191387,2
135,"[145.684996192, -37.20530361, 145.724474016, -37.179496221]","Alexandra, Victoria",0.27930242916366876,3
136,"[145.805420096, -41.092073505, 145.985166976, -41.0297944945]","Burnie - Somerset, Tasmania",-0.17857142857142855,2
137,"[145.8103408, -38.1565230125, 145.884102112, -38.094319001]","Drouin, Victoria",-0.10344827586206896,1
138,"[145.900671488, -38.1902832185, 145.961679296, -38.1376564165]","Warragul, Victoria",-0.016138763197586725,5
139,"[145.931007008, -36.0408711525, 146.067543712, -35.991747751]","Yarrawonga, Victoria",-0.07061998925815464,28
140,"[145.943916736, -36.582685111, 146.032863136, -36.51787728]","Benalla, Victoria",0.06244579533941237,5
141,"[145.997414016, -34.3141580015, 146.101738432, -34.233153994]","Griffith, New South Wales",-0.2631578947368421,1
142,"[146.02245984, -37.33917804, 146.22940908, -37.20294801]","Jamieson, Victoria",0.030303030303030304,1
143,"[146.087925504, -17.837112855, 146.101106048, -17.8277971245]","Bingil Bay, Queensland",0.05978557504873294,5
144,"[146.170368, -39.136581, 146.48915916, -38.77800597]","Wilsons Promontory, Victoria",0.047619047619047616,1
145,"[146.222263072, -38.201049238, 146.323284864, -38.157598547]","Moe - Newborough, Victoria",-0.09722222222222224,2
146,"[146.263270016, -36.406416001, 146.349300992, -36.302279575]","Wangaratta, Victoria",0.0,1
147,"[146.315949376, -41.2447841415, 146.3873936, -41.1580534405]","Devonport, Tasmania",-0.07407407407407407,1
148,"[146.339749952, -36.0510606935, 146.411193952, -35.968301739]","Corowa, New South Wales",-0.052661522874288824,5
149,"[146.39548, -37.1648950035, 146.49274, -37.1089510035]","Mount Buller, Victoria",0.0,1
150,"[146.444362656, -36.0749107455, 146.474223008, -36.0423027565]","Rutherglen, Victoria",-0.0680029273052529,5
151,"[146.465649824, -38.224695716, 146.578499008, -38.1750789935]","Traralgon, Victoria",0.009627664800078593,9
152,"[146.48258592, -42.86050704, 146.82938904, -42.68407698]","Styx, Tasmania",-0.07692307692307693,1
153,"[146.644110208, -19.4133283395, 146.866364, -19.180276014]","Townsville, Queensland",-0.0020818648280907966,106
154,"[146.712044896, -36.5984309975, 146.755407008, -36.538333766]","Myrtleford, Victoria",-0.034482758620689655,1
155,"[146.76267816, -41.57815797, 146.89154592, -41.422779]","Westbury, Tasmania",0.07317073170731707,1
156,"[146.802240768, -41.2107007405, 146.832249568, -41.1854886445]","Beaconsfield, Tasmania",0.11764705882352941,1
157,"[146.818798496, -36.1604021685, 146.959764128, -36.072883645]","Wodonga, Victoria",-0.0046433025714303425,7
158,"[146.838072992, -19.166838021, 146.85864912, -19.1431395025]","Nelly Bay, Queensland",0.07142857142857142,1
159,"[146.873233568, -36.1159894405, 147.019248032, -36.0147374605]","Albury, New South Wales",0.02211670382096447,9
160,"[146.92076752, -41.6550619345, 146.951877152, -41.645940935]","Bracknell, Tasmania",0.0,1
161,"[146.926533312, -36.7509869925, 147.000029088, -36.7064990065]","Bright, Victoria",0.0,2
162,"[146.944508928, -41.328896815, 146.983012992, -41.295769013]","Lanena - Blackwall, Tasmania",0.017699048762219834,6
163,"[146.9445104, -41.297021574, 146.97890736, -41.2690509985]","Gravelly Beach, Tasmania",-0.040257648953301126,3
164,"[147.000160608, -43.099148014, 147.017886272, -43.079406331]","Franklin, Tasmania",0.09090909090909091,1
165,"[147.038979456, -38.1470364715, 147.101435776, -38.0770308065]","Sale, Victoria",0.006131064057893326,8
166,"[147.053962432, -36.9068036495, 147.077782016, -36.882239997]","Harrietville, Victoria",0.22727272727272727,1
167,"[147.063362336, -43.1702097885, 147.095672, -43.149962704]","Cygnet, Tasmania",0.0816219085484453,13
168,"[147.063901824, -41.5026093915, 147.209028928, -41.366881977]","Launceston, Tasmania",0.016364806892982437,26
169,"[147.133660416, -43.014122643, 147.613383232, -42.655375527]","Hobart, Tasmania",0.008362281974674195,115
170,"[147.236733888, -42.953444752, 147.289906112, -42.914582431]","Fern Tree, Tasmania",0.08823529411764706,2
171,"[147.304038624, -35.187975032, 147.424035232, -35.0881893435]","Wagga Wagga, New South Wales",-0.03676487181182516,9
172,"[147.342861344, -35.0844753575, 147.363966496, -35.046804418]","Estella, New South Wales",0.10555093555093556,5
173,"[147.376221696, -19.6044829935, 147.427962624, -19.5412209485]","Ayr, Queensland",0.08333333333333333,1
174,"[147.384615968, -19.689381991, 147.443000992, -19.629653039]","Home Hill, Queensland",0.0,1
175,"[147.431142304, -42.7415645665, 147.448755744, -42.729354326]","Richmond (Tas.), Tasmania",0.3333333333333333,1
176,"[147.54308, -34.8928217585, 147.604684416, -34.8303889575]","Junee, New South Wales",0.07692307692307693,1
177,"[147.583965792, -37.8502737165, 147.664707424, -37.795380831]","Bairnsdale, Victoria",-0.00954433497536946,4
178,"[147.968875328, -29.439547214, 147.990043584, -29.415708817]","Lightning Ridge, New South Wales",-0.03225806451612903,1
179,"[147.970217152, -32.043753179, 147.993474272, -32.025205005]","Trangie, New South Wales",0.016025641025641028,6
180,"[147.989492896, -35.789201093, 148.024742016, -35.7587559945]","Tumbarumba, New South Wales",-0.00980392156862745,2
181,"[148.005708608, -22.011743897, 148.081424704, -21.98214127]","Moranbah, Queensland",0.0,1
182,"[148.127837408, -33.918414308, 148.181915872, -33.873456718]","Grenfell, New South Wales",0.0,1
183,"[148.137701408, -23.574457841, 148.19847984, -23.4733869945]","Emerald, Queensland",0.16216216216216217,1
184,"[148.174957792, -41.5939489975, 148.19934704, -41.5726305965]","St Marys, Tasmania",0.12208713272543059,2
185,"[148.18962688, -35.330313995, 148.244366496, -35.286272007]","Tumut, New South Wales",-0.1414267834793492,2
186,"[148.294286656, -36.5112208875, 148.317723712, -36.4967219935]","Thredbo Village, New South Wales",0.07350565864462633,4
187,"[148.664289312, -20.305791002, 148.76056, -20.252921036]","Airlie Beach - Cannonvale, Queensland",-0.058823529411764705,2
188,"[148.76267481475, -35.9207622144096, 149.399287194177, -35.1245172749714]","Australian Capital Territory, Australia",-0.05505785740948115,3
189,"[148.9959216, -35.480260417, 149.263643456, -35.147699163]","Canberra, Australian Capital Territory",0.02487245601363538,386
190,"[149.057293088, -33.332300009, 149.145364768, -33.217418524]","Orange, New South Wales",0.0625,1
191,"[149.101465888, -36.2595589865, 149.164444576, -36.2054361635]","Cooma, New South Wales",0.0,1
192,"[149.120086336, -21.213235538, 149.24547216, -20.995044022]","Mackay, Queensland",-0.005140955005040299,46
193,"[149.177793696, -35.4076140065, 149.258588608, -35.330124592]","Queanbeyan, New South Wales",0.01858780524952002,9
194,"[149.278261536, -36.5185604665, 149.290837248, -36.5042466835]","Nimmitabel, New South Wales",0.0,1
195,"[149.42914032, -35.274828055, 149.461886656, -35.2389609395]","Bungendore, New South Wales",0.04550096655359813,4
196,"[149.512896, -33.447321132, 149.669634016, -33.368330387]","Bathurst, New South Wales",-0.07238209157104344,12
197,"[149.734802272, -30.3661991345, 149.801369056, -30.29805962]","Narrabri, New South Wales",0.02530364372469636,2
198,"[149.779292992, -35.455442556, 149.809624992, -35.430431962]","Braidwood, New South Wales",-0.12516160310277957,7
199,"[149.784218048, -25.652339065, 149.817544512, -25.6315024225]","Taroom, Queensland",0.0,1
200,"[149.812736, -36.6954839955, 149.856992, -36.645147993]","Bega, New South Wales",0.011553700403874632,7
201,"[149.856924, -36.9394741685, 149.912394112, -36.886941217]","Pambula, New South Wales",-0.07407407407407407,1
202,"[149.875708096, -36.399175693, 149.8988552, -36.38200329]","Cobargo, New South Wales",-0.2222222222222222,1
203,"[149.883616416, -36.9030110015, 149.950011008, -36.842050079]","Merimbula, New South Wales",0.03125,4
204,"[149.88638592, -37.0761359995, 149.926222816, -37.037291938]","Eden, New South Wales",-0.041666666666666664,2
205,"[149.93070588, -27.07820604, 150.29798292, -26.808111]","Condamine, Queensland",0.0,1
206,"[149.949821984, -36.7388350085, 149.991868992, -36.699644997]","Tathra, New South Wales",-0.2,1
207,"[149.97087216, -33.362331022, 150.00132896, -33.341729755]","Portland (NSW), New South Wales",-0.02045310825741403,24
208,"[150.042778208, -36.458909455, 150.08476, -36.406939995]","Bermagui, New South Wales",-0.06334658187599365,5
209,"[150.050740416, -36.396609114, 150.083356992, -36.352866419]","Wallaga Lake, New South Wales",-1.0,1
210,"[150.114636672, -33.507317372, 150.194856992, -33.443602854]","Lithgow, New South Wales",-0.13816891589497973,8
211,"[150.119598016, -35.883970007, 150.192240992, -35.8214509775]","Broulee - Mossy Point, New South Wales",-0.08571428571428572,1
212,"[150.165184704, -35.7677475125, 150.217152992, -35.6735156905]","Batemans Bay, New South Wales",-0.044444444444444446,3
213,"[150.174118016, -35.8377869955, 150.20582, -35.8078539955]","Tomakin, New South Wales",-0.46153846153846156,1
214,"[150.260824992, -33.7716123495, 150.491901984, -33.683162092]","Blue Mountains, New South Wales",0.012711718480949251,13
215,"[150.264452032, -33.659468994, 150.333524992, -33.6000930035]","Blackheath, New South Wales",0.038562091503267976,4
216,"[150.270531488, -34.6777965915, 150.319621088, -34.6407896725]","Bundanoon, New South Wales",0.11138888888888887,3
217,"[150.352092352, -34.565317461, 150.420068576, -34.5302694885]","Moss Vale, New South Wales",-0.06120981001096091,4
218,"[150.399803616, -23.4907359985, 150.484258016, -23.4054700535]","Gracemere, Queensland",-0.05,2
219,"[150.459709984, -23.432698224, 150.580567552, -23.2462475835]","Rockhampton, Queensland",0.1346153846153846,1
220,"[150.472478208, -34.415179009, 150.505311008, -34.3810090095]","Colo Vale, New South Wales",-0.02631578947368421,1
221,"[150.520928608, -34.1183470085, 151.343020992, -33.578140996]","Sydney, New South Wales",0.00047476312003999515,3056
222,"[150.539229728, -34.8413439915, 150.552181024, -34.829512372]","Tapitallee, New South Wales",0.015379977240872986,7
223,"[150.571788, -35.1170810155, 150.643139296, -35.0703874225]","St Georges Basin - Sanctuary Point, New South Wales",0.0359588429349728,20
224,"[150.661743808, -23.172471415, 150.794908928, -23.0919761205]","Yeppoon, Queensland",-0.15384615384615385,1
225,"[150.663419264, -31.5280095315, 150.69957872, -31.4819934085]","Quirindi, New South Wales",-0.08333333333333333,1
226,"[150.664325696, -35.051619894, 150.679510016, -35.0322074185]","Huskisson, New South Wales",-0.1724137931034483,1
227,"[150.665562016, -35.0370789125, 150.729004, -34.989906188]","Callala Bay, New South Wales",-0.03596515234446269,9
228,"[150.669034016, -34.7830328795, 150.704801536, -34.761725005]","Berry, New South Wales",0.06521739130434782,1
229,"[150.736104224, -34.1349714045, 150.743098944, -34.1253773415]","Menangle, New South Wales",0.014120370370370372,6
230,"[150.743944832, -34.628601669, 150.973866016, -34.2513407335]","Wollongong, New South Wales",-0.006399935992559682,86
231,"[150.811148992, -35.0195719925, 150.830615008, -35.010463314]","Currarong, New South Wales",0.0,1
232,"[150.81640704, -34.7561793895, 150.83956752, -34.727618997]","Gerringong, New South Wales",0.054243971926898754,6
233,"[150.820361152, -31.772049636, 150.844831232, -31.754244903]","Murrurundi, New South Wales",0.0,2
234,"[150.82175916, -32.55276204, 150.883578, -32.48113203]","Appletree Flat, New South Wales",0.070145585176782,3
235,"[150.823084992, -32.062261319, 150.886009568, -32.0212300025]","Scone, New South Wales",0.14285714285714285,1
236,"[150.830396, -34.698373383, 150.865478144, -34.6178046805]","Kiama, New South Wales",-0.04600301659125189,2
237,"[150.872361248, -31.1770347465, 150.999311008, -31.053923111]","Tamworth, New South Wales",-0.11985873645868046,12
238,"[150.978061728, -34.237066781, 150.99641264, -34.221981992]","Stanwell Park, New South Wales",-0.29411764705882354,1
239,"[151.08603472, -29.8052225615, 151.143623616, -29.7519955825]","Inverell, New South Wales",-0.08695652173913043,1
240,"[151.112907616, -31.479260644, 151.134365536, -31.4534083555]","Nundle, New South Wales",0.0,1
241,"[151.132646496, -32.577169525, 151.192112992, -32.531693676]","Singleton, New South Wales",0.037217194570135746,13
242,"[151.140572, -34.093141998, 151.159281696, -34.079858998]","Bundeena, New South Wales",0.06976744186046512,1
243,"[151.156927648, -23.9342490045, 151.319210048, -23.8063649055]","Gladstone, Queensland",-0.006453213041427943,73
244,"[151.224034144, -27.2119379605, 151.303257088, -27.1417501075]","Dalby, Queensland",0.0,1
245,"[151.283033728, -33.550008009, 151.601962752, -33.1432859715]","Central Coast, New South Wales",-0.0017320737076631759,167
246,"[151.287382016, -23.979227, 151.390315072, -23.8748869815]","Tannum Sands - Boyne Island, Queensland",-0.09774436090225563,2
247,"[151.297516, -32.8674958155, 151.40129488, -32.7867960035]","Cessnock, New South Wales",-0.09803921568627451,1
248,"[151.395682688, -33.2590386955, 151.424064, -33.221736387]","Jilliby, New South Wales",0.0,1
249,"[151.419227392, -33.1521399975, 151.568742976, -33.0527784955]","Morisset - Cooranbong, New South Wales",0.009339080459770116,3
250,"[151.468376, -30.6589739555, 151.517122208, -30.628789004]","Uralla, New South Wales",0.05265560622283144,12
251,"[151.472131968, -32.817630009, 151.707208672, -32.6781300005]","Maitland (NSW), New South Wales",-0.08,4
252,"[151.555001504, -33.120457027, 151.824398944, -32.8328690325]","Newcastle, New South Wales",-0.005370358537786077,131
253,"[151.578176768, -30.9933046975, 151.607408, -30.9735328225]","Walcha, New South Wales",0.023809523809523808,2
254,"[151.634023712, -30.545849915, 151.697787488, -30.480364466]","Armidale, New South Wales",0.0064102564102564135,4
255,"[151.682465152, -32.8526279945, 151.78217648, -32.795065633]","Tomago, New South Wales",0.07802964254577158,2
256,"[151.69486784, -32.8013610905, 151.788963456, -32.734348374]","Raymond Terrace, New South Wales",-0.12093675317128336,11
257,"[151.704938528, -29.754066084, 151.75731168, -29.719411477]","Glen Innes, New South Wales",-0.016043956043956042,7
258,"[151.773020992, -26.574963998, 151.89091792, -26.5095679965]","Kingaroy, Queensland",-0.13440191387559808,4
259,"[151.851260992, -27.662920101, 151.868970016, -27.653813402]","Wyreema, Queensland",-0.019230769230769232,1
260,"[151.86060288, -27.654121464, 151.993162368, -27.493059206]","Toowoomba, Queensland",0.0757082584570129,35
261,"[151.868886848, -24.197485005, 151.899790496, -24.149328025]","Seventeen Seventy, Queensland",-0.004927792469825778,10
262,"[151.970485504, -26.8547734085, 151.997538688, -26.8321390285]","Yarraman, Queensland",0.08333333333333333,2
263,"[152.00271552, -29.068716786, 152.034037568, -29.0345436045]","Tenterfield, New South Wales",0.00186965811965812,6
264,"[152.051048, -32.7435859975, 152.099949728, -32.690692]","Salamander Bay - Soldiers Point, New South Wales",0.0,1
265,"[152.077864, -32.790141007, 152.0944352, -32.775395804]","Anna Bay, New South Wales",-0.0001820935682856998,9
266,"[152.099867168, -32.740975666, 152.169143008, -32.709603995]","Nelson Bay - Corlette, New South Wales",-0.05714285714285714,1
267,"[152.10340096, -32.7934900065, 152.124150016, -32.7660750045]","Boat Harbour, New South Wales",0.05714285714285714,1
268,"[152.144419392, -32.670460807, 152.166338432, -32.6498864205]","Tea Gardens, New South Wales",0.02186538461538462,5
269,"[152.1608416, -32.7545871335, 152.173052992, -32.7381930625]","Fingal Bay, New South Wales",0.11904761904761904,1
270,"[152.164238272, -32.732240484, 152.178976992, -32.7177979965]","Shoal Bay, New South Wales",0.0,1
271,"[152.233655008, -24.9490850045, 152.41169808, -24.823874285]","Bundaberg, Queensland",0.03351605928456091,26
272,"[152.347683616, -31.8837778515, 152.396692128, -31.8536063865]","Wingham, New South Wales",-0.23333333333333334,1
273,"[152.399388, -31.938369002, 152.532938016, -31.8450049965]","Taree, New South Wales",0.041860465116279076,2
274,"[152.41980096, -27.562122999, 152.496197984, -27.5175873755]","Kensington Grove - Regency Downs, Queensland",0.0,1
275,"[152.442292992, -24.8908650235, 152.489706848, -24.8010660605]","Bargara - Innes Park, Queensland",-0.02774551555039359,3
276,"[152.469705536, -32.2368784715, 152.57089824, -32.1443331465]","Forster - Tuncurry, New South Wales",-0.011515151515151506,3
277,"[152.498335008, -32.0626330025, 152.522591008, -32.048289009]","Tallwoods Village, New South Wales",-0.058349639261493357,9
278,"[152.545051744, -25.12924398, 152.586989568, -25.08861391]","Woodgate, Queensland",-0.05,1
279,"[152.633654208, -26.236568806, 152.709995168, -26.1527210155]","Gympie, Queensland",-0.01488491206642094,6
280,"[152.64726464, -25.5773745675, 152.753600384, -25.501823953]","Maryborough (Qld), Queensland",-0.015017983429165854,7
281,"[152.65442304, -31.65245199, 152.72545716, -31.61368404]","Kendall, New South Wales",0.16666666666666666,1
282,"[152.668522848, -27.767440994, 153.31787024, -26.996844991]","Brisbane, Queensland",-0.01436094636893026,1206
283,"[152.696744608, -31.640601697, 152.725456768, -31.6124898925]","Kendall, New South Wales",-0.013166556945358787,4
284,"[152.699347008, -25.3372854525, 152.914398976, -25.2434909705]","Hervey Bay, Queensland",0.0352476664901496,20
285,"[152.727852, -31.1220601095, 152.879463008, -31.027802998]","Kempsey, New South Wales",-0.017724516862447897,5
286,"[152.743094304, -31.6649208535, 152.849528, -31.6145270015]","Camden Haven, New South Wales",0.005151515151515152,4
287,"[152.797266016, -27.219242001, 152.8361144, -27.1793779975]","Dayboro, Queensland",0.16,1
288,"[152.827276, -31.602400825, 152.848288, -31.5740326845]","Bonny Hills, New South Wales",-0.32,1
289,"[152.846524, -31.492966998, 152.938449408, -31.406726991]","Port Macquarie, New South Wales",-0.009833427898371263,14
290,"[152.859652992, -29.6856316795, 152.887925536, -29.644259001]","Waterview Heights, New South Wales",0.025904157610686377,13
291,"[152.887786816, -30.4631625555, 152.911713792, -30.435214402]","Bellingen, New South Wales",-0.130391363022942,3
292,"[152.889490016, -29.7611804625, 152.967001312, -29.651305133]","Grafton, New South Wales",-0.08571428571428572,1
293,"[152.914604992, -26.8789809915, 152.965524, -26.846381975]","Beerwah, Queensland",0.0,1
294,"[152.923807232, -26.673314993, 152.986172192, -26.594010673]","Nambour, Queensland",-0.05173964237126582,99
295,"[152.931942016, -26.580987376, 152.967156992, -26.5477695715]","Yandina, Queensland",0.3,1
296,"[152.935589024, -26.4949260235, 152.956908896, -26.4677419755]","Eumundi, Queensland",-0.04878048780487805,1
297,"[152.941560128, -26.701225684, 152.972057152, -26.6796458965]","Palmwoods, Queensland",0.022727272727272728,2
298,"[152.948274208, -26.8402599365, 152.989421504, -26.7871431065]","Landsborough, Queensland",0.0,1
299,"[152.980543296, -25.937559004, 153.016418176, -25.9013870085]","Tin Can Bay, Queensland",0.0,1
300,"[152.99691968, -26.853342008, 153.151394048, -26.359622999]","Sunshine Coast, Queensland",-0.01241216184397445,102
301,"[153.000132928, -30.6078039915, 153.014516992, -30.5846827285]","Valla Beach, New South Wales",-0.19444444444444445,1
302,"[153.016359008, -30.918029992, 153.079726336, -30.872456019]","South West Rocks, New South Wales",-0.07317602000411637,8
303,"[153.03536176, -27.150394547, 153.072414848, -27.1067089615]","Beachmere, Queensland",-0.11251144281973635,7
304,"[153.036284032, -25.930820675, 153.098611712, -25.807995993]","Rainbow Beach, Queensland",0.08466352095270194,4
305,"[153.039041632, -30.3791789935, 153.158240608, -30.2156470595]","Coffs Harbour, New South Wales",-0.0686032390768527,8
306,"[153.117031456, -27.1000988375, 153.207557664, -27.0207494145]","Bongaree - Woorim, Queensland",-0.013333333333333334,6
307,"[153.177980992, -28.126325972, 153.232434048, -28.071535003]","Beechmont, Queensland",0.17083333333333334,2
308,"[153.186551712, -28.2003171475, 153.552171232, -27.708126368]","Gold Coast, Queensland",-0.02985072772694487,589
309,"[153.18943184, -30.0389203705, 153.209242656, -30.019059825]","Corindi Beach, New South Wales",-0.041666666666666664,1
310,"[153.193604, -29.4721559985, 153.241032, -29.429923995]","Maclean, New South Wales",0.07682198327359617,4
311,"[153.234565792, -28.848051006, 153.355426592, -28.7899275395]","Lismore, New South Wales",-0.02547851279291275,21
312,"[153.344762016, -27.807325847, 153.3915536, -27.7687472235]","Jacobs Well, Queensland",-0.02123076360397812,31
313,"[153.346730976, -27.6324030005, 153.376332128, -27.58034672]","Macleay Island, Queensland",-0.4444444444444444,1
314,"[153.355076992, -28.354215003, 153.451800992, -28.297459001]","Murwillumbah, New South Wales",-0.07894736842105263,1
315,"[153.36154512, -28.58932503, 153.40064796, -28.55170404]","Wanganui, New South Wales",-0.043478260869565216,1
316,"[153.398385472, -27.5051972595, 153.416363904, -27.47923867]","Dunwich, Queensland",-0.23076923076923078,1
317,"[153.4004, -29.1263070085, 153.443843456, -29.0898680025]","Evans Head, New South Wales",0.34285714285714286,1
318,"[153.412983776, -28.8392648565, 153.428412992, -28.817404831]","Wollongbar, New South Wales",-0.0749343185550082,6
319,"[153.46348, -28.344015361, 153.586296, -28.163306732]","Tweed Heads, New South Wales",0.04437106279211542,4
320,"[153.467578432, -28.562831881, 153.510650272, -28.5446516165]","Mullumbimby, New South Wales",-0.16103896103896104,2
321,"[153.511081216, -28.6957474805, 153.5337936, -28.6762449655]","Bangalow, New South Wales",0.0,1
322,"[153.519618592, -28.8763086645, 153.601051008, -28.8413987945]","Ballina, New South Wales",0.14285714285714285,1
323,"[153.53240336, -28.83369397, 153.5432832, -28.817682886]","Cumbalum, New South Wales",0.01,2
324,"[153.535133536, -28.568657346, 153.558367008, -28.5334950065]","Brunswick Heads, New South Wales",-0.021481481481481483,2
325,"[153.544528, -28.411530667, 153.575671008, -28.3543031925]","Pottsville, New South Wales",0.012195121951219513,2
326,"[153.56696112, -28.675540985, 153.638727008, -28.614709507]","Byron Bay, New South Wales",-0.0024509803921568627,4
327,"[153.579852864, -28.8230926005, 153.598884992, -28.781167031]","Lennox Head, New South Wales",-0.03333333333333333,3
328,"[153.597207008, -28.694686154, 153.621583008, -28.6643645985]","Suffolk Park, New South Wales",0.0,1
329,"[159.03690804, -31.59781902, 159.10544412, -31.50967401]","Lord Howe Island, New South Wales",0.1,1
